[
  {
    "id" : 1,
    "firstName" : "Blue",
    "lastName" : "Bird",
    "nickname" : "Blue",
    "image" : "creature_bird_blue_fly_1",
    "planet" : "Neptune",
    "foods" : [
      13,
      9,
      4,
      5,
      2,
      8,
      3,
      1,
      6,
      7,
      10,
      11
    ]
  },
  {
    "id" : 2,
    "firstName" : "Cute",
    "lastName" : "Cow",
    "nickname" : "Cowie",
    "image" : "creature_cow_01",
    "planet" : "Mars",
    "foods" : [
      7,
      3,
      2,
      13,
      1,
      8,
      4,
      6,
      10,
      5,
      9,
      12
    ]
  },
  {
    "id" : 3,
    "firstName" : "Fire",
    "lastName" : "Fox",
    "nickname" : "Foxie",
    "image" : "creature_head_fox",
    "planet" : "Jupiter",
    "foods" : [
      11,
      2,
      1,
      5,
      9,
      12,
      3,
      4,
      6,
      7,
      8,
      10
    ]
  },
  {
    "id" : 4,
    "firstName" : "Purple",
    "lastName" : "Monster",
    "nickname" : "People-eater",
    "image" : "creature_monster_purple",
    "planet" : "Jupiter",
    "foods" : [
      10,
      2,
      3,
      6,
      7,
      1,
      8,
      9,
      11,
      13,
      12,
      5
    ]
  },
  {
    "id" : 5,
    "firstName" : "Peaceful",
    "lastName" : "Pig",
    "nickname" : "Little Piggie",
    "image" : "creature_head_pig",
    "planet" : "Earth",
    "foods" : [
      2,
      6,
      10,
      3,
      13,
      4,
      5,
      11,
      7,
      8,
      9
    ]
  },
  {
    "id" : 6,
    "firstName" : "Dozy",
    "lastName" : "Dog",
    "nickname" : "Dozy",
    "image" : "creature_dog_bone",
    "planet" : "Mars",
    "foods" : [
      11,
      4,
      8,
      6,
      5,
      3
    ]
  },
  {
    "id" : 7,
    "firstName" : "Sassy",
    "lastName" : "Skunk",
    "nickname" : "Sassy",
    "image" : "creature_skunk",
    "planet" : "Mercury",
    "foods" : [
      4,
      5,
      6,
      10
    ]
  },
  {
    "id" : 8,
    "firstName" : "Blissful",
    "lastName" : "Bear",
    "nickname" : "Bliss",
    "image" : "creature_bear_sleepy",
    "planet" : "Venus",
    "foods" : [
      3,
      7,
      2,
      6,
      9,
      12
    ]
  },
  {
    "id" : 9,
    "firstName" : "Iced",
    "lastName" : "Cube",
    "nickname" : "Ice",
    "image" : "creature_app_whistle_1",
    "planet" : "Jupiter",
    "foods" : [
      1,
      3,
      4,
      8,
      10,
      11
    ]
  },
  {
    "id" : 10,
    "firstName" : "Debonair",
    "lastName" : "Duck",
    "nickname" : "Debbie",
    "image" : "creature_duck_yellow_1",
    "planet" : "Uranus",
    "foods" : [
      12,
      4,
      3,
      8,
      7,
      6
    ]
  },
  {
    "id" : 11,
    "firstName" : "Bashful",
    "lastName" : "Beetle",
    "nickname" : "Bashy",
    "image" : "creature_bug_insect_happy",
    "planet" : "Earth",
    "foods" : [
      7,
      3,
      5,
      9,
      13,
      10
    ]
  },
  {
    "id" : 12,
    "firstName" : "Snarky",
    "lastName" : "Spider",
    "nickname" : "Snarky",
    "image" : "creature_bug_spider",
    "planet" : "Mars",
    "foods" : [
      6,
      8,
      9,
      2,
      1,
      12
    ]
  },
  {
    "id" : 13,
    "firstName" : "Cagy",
    "lastName" : "Cat",
    "nickname" : "Cagy",
    "image" : "creature_cat_derp",
    "planet" : "Mercury",
    "foods" : [
      2,
      5,
      13,
      7,
      6,
      3
    ]
  },
  {
    "id" : 14,
    "firstName" : "Deano",
    "lastName" : "Dino",
    "nickname" : "Deano",
    "image" : "creature_dino_01",
    "planet" : "Saturn",
    "foods" : [
      1,
      6,
      3,
      2,
      7,
      9
    ]
  },
  {
    "id" : 15,
    "firstName" : "Fancy",
    "lastName" : "Frog",
    "nickname" : "Fancy",
    "image" : "creature_frog_hungry",
    "planet" : "Venus",
    "foods" : [
      5,
      4,
      2,
      1,
      11,
      13
    ]
  },
  {
    "id" : 16,
    "firstName" : "Tom",
    "lastName" : "Tiger",
    "nickname" : "Tommy",
    "image" : "creature_head_tiger",
    "planet" : "Jupiter",
    "foods" : [
      6,
      2,
      7,
      8,
      3,
      4
    ]
  },
  {
    "id" : 17,
    "firstName" : "Mysterious",
    "lastName" : "Monkey",
    "nickname" : "Mysty",
    "image" : "creature_monkey_happy",
    "planet" : "Saturn",
    "foods" : [
      1,
      2,
      6,
      11,
      5,
      3
    ]
  },
  {
    "id" : 18,
    "firstName" : "Shady",
    "lastName" : "Slug",
    "nickname" : "Shady",
    "image" : "creature_monster_slug",
    "planet" : "Mercury",
    "foods" : [
      4,
      13,
      6,
      7,
      1,
      8
    ]
  },
  {
    "id" : 19,
    "firstName" : "Yummy",
    "lastName" : "Yeti",
    "nickname" : "Yummy",
    "image" : "creature_monster_yeti_1",
    "planet" : "Uranus",
    "foods" : [
      7,
      2,
      4,
      8,
      5,
      10
    ]
  },
  {
    "id" : 20,
    "firstName" : "Observing",
    "lastName" : "Owl",
    "nickname" : "Owlie",
    "image" : "creature_owl_attack_1",
    "planet" : "Neptune",
    "foods" : [
      5,
      8,
      9,
      10,
      11,
      12
    ]
  },
  {
    "id" : 21,
    "firstName" : "Peppy",
    "lastName" : "Panda",
    "nickname" : "Peppy",
    "image" : "creature_panda_fun",
    "planet" : "Uranus",
    "foods" : [
      1,
      2,
      3,
      4,
      5,
      6
    ]
  },
  {
    "id" : 22,
    "firstName" : "Picky",
    "lastName" : "Penguin",
    "nickname" : "Penny",
    "image" : "creature_penguin_plane",
    "planet" : "Mercury",
    "foods" : [
      3,
      6,
      7,
      8,
      10,
      12
    ]
  },
  {
    "id" : 23,
    "firstName" : "Ritzy",
    "lastName" : "Rat",
    "nickname" : "Ritzy",
    "image" : "creature_rat",
    "planet" : "Saturn",
    "foods" : [
      3,
      4,
      8,
      1,
      2,
      13
    ]
  },
  {
    "id" : 24,
    "firstName" : "Worldly",
    "lastName" : "Wolf",
    "nickname" : "Wolfie",
    "image" : "creature_wolf_crazy",
    "planet" : "Mars",
    "foods" : [
      7,
      10,
      11,
      2,
      3,
      5
    ]
  },
  {
    "id" : 25,
    "firstName" : "Biff",
    "lastName" : "Bunny",
    "nickname" : "Biff",
    "image" : "creature_square_bunny",
    "planet" : "Venus",
    "foods" : [
      4,
      2,
      1,
      13,
      11,
      12
    ]
  }
]